{
    "RMSE": 0.7590947265819731,
    "MAE": 0.4540642499923706,
    "MAPE": 0.08858806639909744
}