{
    "RMSE": 0.6884253516664295,
    "MAE": 0.42374902963638306,
    "MAPE": 0.0844668447971344
}