{
    "RMSE": 0.6588737520781615,
    "MAE": 0.5790382050747183,
    "MAPE": 0.15085114049276757
}