{
    "RMSE": {
        "LSTM": 0.562792251747968,
        "BiLSTM": 0.7590947265819731,
        "Prophet": 0.6588737520781615
    },
    "MAE": {
        "LSTM": 0.3150447607040405,
        "BiLSTM": 0.4540642499923706,
        "Prophet": 0.5790382050747183
    },
    "MAPE": {
        "LSTM": 0.06083114817738533,
        "BiLSTM": 0.08858806639909744,
        "Prophet": 0.15085114049276757
    }
}