{
    "RMSE": {
        "LSTM": 0.6192695170635312,
        "BiLSTM": 0.6884253516664295,
        "Prophet": 0.6588737520781615
    },
    "MAE": {
        "LSTM": 0.3381335437297821,
        "BiLSTM": 0.42374902963638306,
        "Prophet": 0.5790382050747183
    },
    "MAPE": {
        "LSTM": 0.06347440183162689,
        "BiLSTM": 0.0844668447971344,
        "Prophet": 0.15085114049276757
    }
}