{
    "RMSE": 0.6192695170635312,
    "MAE": 0.3381335437297821,
    "MAPE": 0.06347440183162689
}