{
    "RMSE": 0.562792251747968,
    "MAE": 0.3150447607040405,
    "MAPE": 0.06083114817738533
}